Categoria,"Qtd Produtos","Preço Médio","Avaliação Média",Desempenho
Eletrônico,2,4149.990000,4.700000047683716,Excelente
Alimentos,1,12.500000,4.699999809265137,Excelente
Vestimenta,1,89.900000,4.5,Bom
Móveis,1,1599.990000,4.300000190734863,Bom
Brinquedos,1,49.900000,4.199999809265137,Bom
